index,tx_item1,tx_price1,tx_item2,tx_price2,expected_action1,expected_action2,rx_index,rx_item1,rx_action1,rx_item2,rx_action2,rx_reserved,action1_correct,action2_correct,packet_correct,status,latency_us
0,0x11,59,0x22,27,IGNORED,IGNORED,0,0x11,NONE,0x22,NONE,0x0000,,,,IGNORED_WARMUP,2735.20
1,0x11,21,0x22,56,IGNORED,IGNORED,1,0x11,NONE,0x22,NONE,0x0000,,,,IGNORED_WARMUP,1882.70
2,0x11,39,0x22,83,IGNORED,IGNORED,2,0x11,NONE,0x22,NONE,0x0000,,,,IGNORED_WARMUP,1934.70
3,0x11,16,0x22,8,IGNORED,IGNORED,3,0x11,NONE,0x22,NONE,0x0000,,,,IGNORED_WARMUP,1951.10
4,0x11,66,0x22,67,IGNORED,IGNORED,4,0x11,NONE,0x22,NONE,0x0000,,,,IGNORED_WARMUP,2039.00
5,0x11,24,0x22,85,IGNORED,IGNORED,5,0x11,NONE,0x22,NONE,0x0000,,,,IGNORED_WARMUP,1917.40
6,0x11,44,0x22,1,IGNORED,IGNORED,6,0x11,NONE,0x22,NONE,0x0000,,,,IGNORED_WARMUP,2087.50
7,0x11,36,0x22,49,IGNORED,IGNORED,7,0x11,NONE,0x22,NONE,0x0000,,,,IGNORED_WARMUP,1931.70
8,0x11,35,0x22,67,IGNORED,IGNORED,8,0x11,NONE,0x22,NONE,0x0000,,,,IGNORED_WARMUP,1867.50
9,0x11,83,0x22,59,IGNORED,IGNORED,9,0x11,NONE,0x22,NONE,0x0000,,,,IGNORED_WARMUP,2008.60
10,0x11,11,0x22,6,IGNORED,IGNORED,10,0x11,NONE,0x22,NONE,0x0000,,,,IGNORED_WARMUP,1932.00
11,0x11,73,0x22,36,IGNORED,IGNORED,11,0x11,NONE,0x22,NONE,0x0000,,,,IGNORED_WARMUP,1992.20
12,0x11,94,0x22,33,IGNORED,IGNORED,12,0x11,NONE,0x22,NONE,0x0000,,,,IGNORED_WARMUP,1998.10
13,0x11,83,0x22,24,IGNORED,IGNORED,13,0x11,NONE,0x22,NONE,0x0000,,,,IGNORED_WARMUP,2201.10
14,0x11,68,0x22,65,IGNORED,IGNORED,14,0x11,NONE,0x22,NONE,0x0000,,,,IGNORED_WARMUP,2689.80
15,0x11,3,0x22,13,IGNORED,IGNORED,15,0x11,NONE,0x22,NONE,0x0000,,,,IGNORED_WARMUP,1999.80
16,0x22,69,0x11,32,BUY,NONE,16,0x22,BUY,0x11,NONE,0x0000,YES,YES,YES,CORRECT,2122.10
17,0x11,70,0x22,78,BUY,BUY,17,0x11,BUY,0x22,BUY,0x0000,YES,YES,YES,CORRECT,2704.20
18,0x11,61,0x22,21,BUY,SELL,18,0x11,BUY,0x22,SELL,0x0000,YES,YES,YES,CORRECT,2283.80
19,0x11,55,0x22,91,BUY,BUY,19,0x11,BUY,0x22,BUY,0x0000,YES,YES,YES,CORRECT,2826.20
20,0x22,47,0x11,73,BUY,BUY,20,0x22,BUY,0x11,BUY,0x0000,YES,YES,YES,CORRECT,2804.20
21,0x22,28,0x11,20,SELL,SELL,21,0x22,SELL,0x11,SELL,0x0000,YES,YES,YES,CORRECT,1998.20
22,0x11,19,0x22,34,SELL,SELL,22,0x11,SELL,0x22,SELL,0x0000,YES,YES,YES,CORRECT,2073.40
23,0x22,49,0x11,75,BUY,BUY,23,0x22,BUY,0x11,BUY,0x0000,YES,YES,YES,CORRECT,1930.80
24,0x22,62,0x11,16,BUY,SELL,24,0x22,BUY,0x11,SELL,0x0000,YES,YES,YES,CORRECT,1852.10
25,0x22,82,0x11,97,BUY,BUY,25,0x22,BUY,0x11,BUY,0x0000,YES,YES,YES,CORRECT,2148.40
26,0x11,11,0x22,78,SELL,BUY,26,0x11,SELL,0x22,BUY,0x0000,YES,YES,YES,CORRECT,2859.60
27,0x11,22,0x22,64,SELL,BUY,27,0x11,SELL,0x22,BUY,0x0000,YES,YES,YES,CORRECT,1949.40
28,0x22,44,0x11,67,SELL,BUY,28,0x22,SELL,0x11,BUY,0x0000,YES,YES,YES,CORRECT,1949.20
29,0x11,87,0x22,81,BUY,BUY,29,0x11,BUY,0x22,BUY,0x0000,YES,YES,YES,CORRECT,1959.10
30,0x11,48,0x22,90,BUY,BUY,30,0x11,BUY,0x22,BUY,0x0000,YES,YES,YES,CORRECT,2014.00
31,0x22,90,0x11,93,BUY,BUY,31,0x22,BUY,0x11,BUY,0x0000,YES,YES,YES,CORRECT,2059.00
32,0x11,52,0x22,20,SELL,SELL,32,0x11,SELL,0x22,SELL,0x0000,YES,YES,YES,CORRECT,1898.70
33,0x22,84,0x11,89,BUY,BUY,33,0x22,BUY,0x11,BUY,0x0000,YES,YES,YES,CORRECT,1901.80
34,0x22,68,0x11,95,BUY,BUY,34,0x22,BUY,0x11,BUY,0x0000,YES,YES,YES,CORRECT,1997.50
35,0x11,82,0x22,99,BUY,BUY,35,0x11,BUY,0x22,BUY,0x0000,YES,YES,YES,CORRECT,2060.80
36,0x11,21,0x22,48,SELL,SELL,36,0x11,SELL,0x22,SELL,0x0000,YES,YES,YES,CORRECT,1878.20
37,0x22,80,0x11,87,BUY,BUY,37,0x22,BUY,0x11,BUY,0x0000,YES,YES,YES,CORRECT,1976.00
38,0x22,28,0x11,22,SELL,SELL,38,0x22,SELL,0x11,SELL,0x0000,YES,YES,YES,CORRECT,1958.70
39,0x22,65,0x11,4,SELL,SELL,39,0x22,SELL,0x11,SELL,0x0000,YES,YES,YES,CORRECT,1997.70
40,0x11,56,0x22,61,SELL,SELL,40,0x11,SELL,0x22,SELL,0x0000,YES,YES,YES,CORRECT,1849.60
41,0x11,47,0x22,66,SELL,SELL,41,0x11,SELL,0x22,SELL,0x0000,YES,YES,YES,CORRECT,2156.70
42,0x22,74,0x11,46,BUY,SELL,42,0x22,BUY,0x11,SELL,0x0000,YES,YES,YES,CORRECT,1946.40
43,0x22,34,0x11,15,SELL,SELL,43,0x22,SELL,0x11,SELL,0x0000,YES,YES,YES,CORRECT,1977.20
44,0x11,87,0x22,3,BUY,SELL,44,0x11,BUY,0x22,SELL,0x0000,YES,YES,YES,CORRECT,1925.70
45,0x11,63,0x22,48,BUY,SELL,45,0x11,BUY,0x22,SELL,0x0000,YES,YES,YES,CORRECT,1966.30
46,0x11,59,0x22,35,BUY,SELL,46,0x11,BUY,0x22,SELL,0x0000,YES,YES,YES,CORRECT,2092.80
47,0x22,65,0x11,40,BUY,SELL,47,0x22,BUY,0x11,SELL,0x0000,YES,YES,YES,CORRECT,1936.00
48,0x22,45,0x11,13,SELL,SELL,48,0x22,SELL,0x11,SELL,0x0000,YES,YES,YES,CORRECT,1837.80
49,0x11,69,0x22,71,BUY,BUY,49,0x11,BUY,0x22,BUY,0x0000,YES,YES,YES,CORRECT,2078.40
50,0x22,38,0x11,74,SELL,BUY,50,0x22,SELL,0x11,BUY,0x0000,YES,YES,YES,CORRECT,1905.60
51,0x22,51,0x11,27,BUY,SELL,51,0x22,BUY,0x11,SELL,0x0000,YES,YES,YES,CORRECT,2048.30
52,0x11,70,0x22,23,BUY,SELL,52,0x11,BUY,0x22,SELL,0x0000,YES,YES,YES,CORRECT,1999.60
53,0x22,98,0x11,57,BUY,BUY,53,0x22,BUY,0x11,BUY,0x0000,YES,YES,YES,CORRECT,2751.70
54,0x22,9,0x11,75,SELL,BUY,54,0x22,SELL,0x11,BUY,0x0000,YES,YES,YES,CORRECT,2046.60
55,0x11,24,0x22,26,SELL,SELL,55,0x11,SELL,0x22,SELL,0x0000,YES,YES,YES,CORRECT,1943.50
56,0x11,20,0x22,8,SELL,SELL,56,0x11,SELL,0x22,SELL,0x0000,YES,YES,YES,CORRECT,1981.90
57,0x22,99,0x11,64,BUY,BUY,57,0x22,BUY,0x11,BUY,0x0000,YES,YES,YES,CORRECT,1963.70
58,0x22,57,0x11,59,BUY,BUY,58,0x22,BUY,0x11,BUY,0x0000,YES,YES,YES,CORRECT,1863.00
59,0x22,30,0x11,32,SELL,SELL,59,0x22,SELL,0x11,SELL,0x0000,YES,YES,YES,CORRECT,2022.40
60,0x11,62,0x22,14,BUY,SELL,60,0x11,BUY,0x22,SELL,0x0000,YES,YES,YES,CORRECT,1890.40
61,0x22,88,0x11,51,BUY,BUY,61,0x22,BUY,0x11,BUY,0x0000,YES,YES,YES,CORRECT,1997.20
62,0x22,4,0x11,56,SELL,BUY,62,0x22,SELL,0x11,BUY,0x0000,YES,YES,YES,CORRECT,1946.50
63,0x11,26,0x22,22,SELL,SELL,63,0x11,SELL,0x22,SELL,0x0000,YES,YES,YES,CORRECT,1988.90
64,0x22,88,0x11,89,BUY,BUY,64,0x22,BUY,0x11,BUY,0x0000,YES,YES,YES,CORRECT,1940.10
65,0x22,99,0x11,95,BUY,BUY,65,0x22,BUY,0x11,BUY,0x0000,YES,YES,YES,CORRECT,1991.70
66,0x22,38,0x11,79,SELL,BUY,66,0x22,SELL,0x11,BUY,0x0000,YES,YES,YES,CORRECT,1927.50
67,0x11,92,0x22,36,BUY,SELL,67,0x11,BUY,0x22,SELL,0x0000,YES,YES,YES,CORRECT,1987.40
68,0x22,50,0x11,16,BUY,SELL,68,0x22,BUY,0x11,SELL,0x0000,YES,YES,YES,CORRECT,1985.30
69,0x11,51,0x22,89,SELL,BUY,69,0x11,SELL,0x22,BUY,0x0000,YES,YES,YES,CORRECT,2035.10
70,0x22,28,0x11,78,SELL,BUY,70,0x22,SELL,0x11,BUY,0x0000,YES,YES,YES,CORRECT,1930.50
71,0x11,81,0x22,77,BUY,BUY,71,0x11,BUY,0x22,BUY,0x0000,YES,YES,YES,CORRECT,2021.90
72,0x22,93,0x11,57,BUY,SELL,72,0x22,BUY,0x11,SELL,0x0000,YES,YES,YES,CORRECT,2065.50
73,0x11,62,0x22,72,BUY,BUY,73,0x11,BUY,0x22,BUY,0x0000,YES,YES,YES,CORRECT,1858.50
74,0x22,30,0x11,63,SELL,BUY,74,0x22,SELL,0x11,BUY,0x0000,YES,YES,YES,CORRECT,1926.70
75,0x22,82,0x11,18,BUY,SELL,75,0x22,BUY,0x11,SELL,0x0000,YES,YES,YES,CORRECT,2006.80
76,0x11,2,0x22,59,SELL,BUY,76,0x11,SELL,0x22,BUY,0x0000,YES,YES,YES,CORRECT,1990.10
77,0x22,31,0x11,77,SELL,BUY,77,0x22,SELL,0x11,BUY,0x0000,YES,YES,YES,CORRECT,1980.40
78,0x11,10,0x22,68,SELL,BUY,78,0x11,SELL,0x22,BUY,0x0000,YES,YES,YES,CORRECT,2000.90
79,0x22,49,0x11,69,SELL,BUY,79,0x22,SELL,0x11,BUY,0x0000,YES,YES,YES,CORRECT,1941.20
80,0x11,82,0x22,52,BUY,SELL,80,0x11,BUY,0x22,SELL,0x0000,YES,YES,YES,CORRECT,1902.90
81,0x11,64,0x22,18,BUY,SELL,81,0x11,BUY,0x22,SELL,0x0000,YES,YES,YES,CORRECT,1980.20
82,0x22,77,0x11,1,BUY,SELL,82,0x22,BUY,0x11,SELL,0x0000,YES,YES,YES,CORRECT,2004.50
83,0x11,83,0x22,0,BUY,SELL,83,0x11,BUY,0x22,SELL,0x0000,YES,YES,YES,CORRECT,1952.70
84,0x22,76,0x11,77,BUY,BUY,84,0x22,BUY,0x11,BUY,0x0000,YES,YES,YES,CORRECT,2053.40
85,0x11,82,0x22,82,BUY,BUY,85,0x11,BUY,0x22,BUY,0x0000,YES,YES,YES,CORRECT,2940.10
86,0x22,22,0x11,13,SELL,SELL,86,0x22,SELL,0x11,SELL,0x0000,YES,YES,YES,CORRECT,2012.60
87,0x11,81,0x22,72,BUY,BUY,87,0x11,BUY,0x22,BUY,0x0000,YES,YES,YES,CORRECT,1943.40
88,0x22,86,0x11,85,BUY,BUY,88,0x22,BUY,0x11,BUY,0x0000,YES,YES,YES,CORRECT,1886.50
89,0x22,24,0x11,17,SELL,SELL,89,0x22,SELL,0x11,SELL,0x0000,YES,YES,YES,CORRECT,2032.90
90,0x11,16,0x22,9,SELL,SELL,90,0x11,SELL,0x22,SELL,0x0000,YES,YES,YES,CORRECT,2115.50
91,0x22,13,0x11,69,SELL,BUY,91,0x22,SELL,0x11,BUY,0x0000,YES,YES,YES,CORRECT,2775.80
92,0x11,73,0x22,87,BUY,BUY,92,0x11,BUY,0x22,BUY,0x0000,YES,YES,YES,CORRECT,1858.20
93,0x11,72,0x22,81,BUY,BUY,93,0x11,BUY,0x22,BUY,0x0000,YES,YES,YES,CORRECT,2029.90
94,0x22,58,0x11,32,BUY,SELL,94,0x22,BUY,0x11,SELL,0x0000,YES,YES,YES,CORRECT,1927.50
95,0x22,32,0x11,32,SELL,SELL,95,0x22,SELL,0x11,SELL,0x0000,YES,YES,YES,CORRECT,1960.60
96,0x11,58,0x22,86,BUY,BUY,96,0x11,BUY,0x22,BUY,0x0000,YES,YES,YES,CORRECT,2113.80
97,0x22,83,0x11,47,BUY,SELL,97,0x22,BUY,0x11,SELL,0x0000,YES,YES,YES,CORRECT,2176.70
98,0x22,26,0x11,7,SELL,SELL,98,0x22,SELL,0x11,SELL,0x0000,YES,YES,YES,CORRECT,2691.90
99,0x22,87,0x11,38,BUY,SELL,99,0x22,BUY,0x11,SELL,0x0000,YES,YES,YES,CORRECT,1939.70
